{
    "XGBoost": {
        "MAE": 1.6867649322213525,
        "R2": 0.8045397462158939
    }
}